sequence,label
AAYLLAKINLKALAALAKKIL,1
AEKVDPVKLNLTLSAAAEALTGLGDK,1
AGYLLGKINLKALAALAKKIL,1
AGYLLGKINLKALAALAKKILTYADFIASGRTGRRNAI,1
AGYLLGKINLKPLAALAKKIL,1
AGYLLGKINLRALAALARRIL,1
AGYLLGPINLKALAALAKKIL,1
AQIKIWFQNRRMKWKK,1
CRFRFKCCKK,1
CRFRWKCCKK,1
CRWRFKCCKK,1
CRWRWKCCKK,1
CRWRWKCG,1
CRWRWKCGCKK,1
CRWRWKCSKK,1
DCRWRWKCCKK,1
DSLKSYWYLQKFSWR,1
EEEAAGRKRKKRT,1
EKRPRTAFSSEQLARLKREFNENRYLTTERRRQQLSSELGLNEAQIKIWFQNKRAKIKKST,1
FITKALGISYGRKKRRQRRRPPQ,1
FLGKKFKKYFLQLLK,1
FLIFIRVICIVIAKLKANLMCKT,1
FQNRRMKWKK,1
FVTRGCPRRLVARLIRVMVPRR,1
GIGKFLHSAKKWGKAFVGQIMNC,1
GKKKKRKREKL,1
GLRKRLRKFRNKIKEK,1
GPFHFYQFLFPPV,1
GRKKRRQRARPPQC,1
GRKKRRQRRPPQC,1
GRKKRRQRRR,1
GRKKRRQRRRC,1
GRKKRRQRRRPPQ,1
GRKKRRQRRRPPQTYADFIASGRTGRRNAI,1
GRKKRRQRRRPWQ,1
GRKRKKRT,1
GRRRRRRRRRPPQ,1
GSPWGLQHHPPRT,1
GTKMIFVGIKKKEERADLIAYLKKA,1
GWTLNSAGYLLGKINLKALAALAKKIL,1
GWTLNSAGYLLGKLKALAALAKKIL,1
GYGNCRHFKQKPRRD,1
HHHHHHTKRRITPKDVIDVRSVTTEINT,1
IKIWFQNRRMKWKK,1
IPMIK,1
IPSRWKDQFWKRWHY,1
IWFQNRRMKWKK,1
KALAALLKKLAKLLAALK,1
KALAALLKKWAKLLAALK,1
KALAKALAKLWKALAKAA,1
KALKKLLAKWLAAAKALL,1
KCCKWRWRCK,1
KCFQWQRNMRKVRGPPVSC,1
KCFQWQRNMRKVRGPPVSCIKR,1
KCGCRWRWKCGCKK,1
KCRWRWKCCKK,1
KDCRWRWKCCKK,1
KGKKIFIMK,1
KIWFQNRRMKWKK,1
KKICTRKPRFMSAWAQ,1
KKWKMRRNQFWIKIQR,1
KLAAALLKKWKKLAAALL,1
KLALKLALKALKAALK,1
KLALKLALKALKAALKLA,1
KLALKLALKALKAALKLAGC,1
KLALKLALKAWKAALKLA,1
KLALQLALQALQAALQLA,1
KLPVM,1
KLTRAQRRAAARKNKRNTRGC,1
KLWMRWYSATTRRYG,1
KLWMRWYSPTTRRYG,1
KLWMRWYSPWTRRYG,1
KMDCRWRPKCCKK,1
KMDCRWRWKCCKK,1
KMDCRWRWKCKK,1
KMDCRWRWKCSKK,1
KMDCRWRWKKK,1
KMDCRWRWKSCKK,1
KMDSRWRWKCSKK,1
KMTRAQRRAAARRNRWTARGC,1
KNAWKHSSCHHRHQI,1
KRVSRNKSEKKRR,1
KRWRWKCCKK,1
KTVLLRKLLKLLVRKI,1
LGISYGRKKRRQRRRPPQ,1
LKTLATALTKLAKTLTTL,1
LLIILARRIRKQAHAHSK,1
LLIILRARIRKQAHAHSK,1
LLIILRRAIRKQAHAHSK,1
LLIILRRRIARKQAHAHSK,1
LLIILRRRIRAQAHAHSK,1
LLIILRRRIRKAAHAHSK,1
LLIILRRRIRKQAHAASK,1
LLIILRRRIRKQAHAHAK,1
LLIILRRRIRKQAHAHSA,1
LLKKRKVVRLIKFLLK,1
LNSAGYLLGKINLKALAALAKKIL,1
MDCRWRWKCCKK,1
MVRRFLVTLRIRRACGPPRVRV,1
MVTVLFRRLRIRRACGPPRVRV,1
NAKTRRHERRRKLAIERGC,1
NRRMKWKK,1
PMLKE,1
PRPLPFPRPG,1
QIKIWFQNRRMKWKK,1
QLALQLALQALQAALQLA,1
QNRRMKWKK,1
QQHLLIAINGYPRYN,1
RAIKIWFQNRRMKWKK,1
RAWMRWYSPTTRRYG,1
RIKAERKRMRNRIAASKSRKRKLERIARGC,1
RKKRRARRR,1
RKKRRQRR,1
RKKRRQRRR,1
RKKRRRESRKKRRRES,1
RLAMRWYSPTTRRYG,1
RLFMRFYSPTTRRYG,1
RLIMRIYSPTTRRYG,1
RLVMRVYSPTTRRYG,1
RLWARWYSPTTRRYG,1
RLWMRWASPTTRRYG,1
RLWMRWYAPTTRRYG,1
RLWMRWYSPATRRYG,1
RLWMRWYSPTARRYG,1
RLWMRWYSPTTRRAG,1
RLWMRWYSPTTRRYA,1
RLWMRWYSPTTRRYG,1
RLWMRWYSPWTRRYG,1
RLYMRYYSPTTRRYG,1
RQAKIWFQNRRMKWKK,1
RQIAIWFQNRRMKWKK,1
RQIKAWFQNRRMKWKK,1
RQIKIAFQNRRMKWKK,1
RQIKIFFQNRRMKFKK,1
RQIKIWAQNRRMKWKK,1
RQIKIWFANRRMKWKK,1
RQIKIWFPNRRMKWKK,1
RQIKIWFQARRMKWKK,1
RQIKIWFQNARMKWKK,1
RQIKIWFQNRAMKWKK,1
RQIKIWFQNRRAKWKK,1
RQIKIWFQNRRMK,1
RQIKIWFQNRRMKAKK,1
RQIKIWFQNRRMKW,1
RQIKIWFQNRRMKWK,1
RQIKIWFQNRRMKWKK,1
RQIKIWFQNRRMKWKKTYADFIASGRTGRRNAI,1
RQIRIWFQNRRMRWRR,1
RQPKIWFPNRRKPWKK,1
RRIRPRPPRLPRPRP,1
RRMKWKK,1
RRRQRRKKR,1
RRRRNRTRRNRRRVRGC,1
RRRRRR,1
RRRRRRR,1
RRRRRRRR,1
RRRRRRRRR,1
RRRRRRRRRRR,1
RRRRRRRRRRRTYADFIASGRTGRRNAI,1
RTLVNEYKNTLKFSK,1
RVIRVWFQNKRCKDKK,1
RVREWWYTITLKQES,1
RVRVFVVHIPRLT,1
RWRWKCCKK,1
SKRTRQTYTRYQTLELEKEFHFNRYITRRRRIDIANALSLSERQIKIWFQNRRMKSKKDR,1
SRWRWKCCKK,1
TKRRITPKDVIDVRSVTTEINT,1
TKRRITPKDVIDVRSVTTKINT,1
TKRRITPKKVIDVRSVTTEINT,1
TRQARRNRRRRWRERQR,1
TRQARRNRRRRWRERQRGC,1
TRRQRTRRARRNRGC,1
TRSSRAGLQWPVGRVHRLLRKGGC,1
VELPPPVELPPPVELPPP,1
VKLPPPVKLPPPVKLPPP,1
VPALK,1
VPALR,1
VPMLK,1
VPTLE,1
VPTLK,1
VPTLQ,1
VRLPPPVRLPPPVRLPPP,1
VRRFLVTLRIRRA,1
VSALK,1
AAAAARRRIRKQAHAHSK,0
ADVFDRGGPYLQRGVADLVPTATLLDTYSP,0
AGCKNFFWKTFTSC,0
AGYLLGKLKALAALAKKIL,0
AHALCLTERQIKSNRRMKWKKEN,0
AKKRRQRRR,0
ALIILRRRIRKQAHAHSK,0
ALWMRWYSPTTRRYG,0
ARTINAQQAELDSALLAAAGFGNTTADVFDRG,0
CRWRWKSSKK,0
CYFQNCPRG,0
DFDMLRCMLGRVYRPCWQV,0
EEEAA,0
EEEAAKKK,0
EILLPNNYNAYESYKYPGMFIALSK,0
EKGKKIFIMK,0
ELALELALEALEAALELA,0
ERKKRRRE,0
FFFAAGRKRKKRT,0
FITKALGISYGRKKRR,0
FITKALGISYGRKKRRQC,0
FKKFRKF,0
FQWQRNMRKVRGPPVS,0
FVPIFTHSELQKIREKERNKGQ,0
GALFLGFLGAAGSTMGAWSQPKSKRKV,0
GDVYADAAPDLFDFLDSSVTTARTINA,0
GIWFAYSRGHFRTKKGT,0
GKKKKKQKKKPWQ,0
GKYVSLTTPKNPTKRRITPKDV,0
GLGDKFGESIVNANTVLDDLNSRMPQSRHDIQQL,0
GRKKRRQARAPPQC,0
GRKKRRQPPQC,0
GRKKRRQRPPQC,0
GRKRKKRT,0
GSGKKGGKKICQKY,0
GSSSWWQRWWPPW,0
GWTLNSAGYLLGKFLPLILRKIVTAL,0
GWTLNSAGYLLGKINLKAPAALAKKIL,0
GWTLNSAGYLLGPHAI,0
GWTLNSAGYLLGPHAVGNHRSFSDKNGLTS,0
GWTLNSKINLKALAALAKKIL,0
GWTNLSAGYLLGPPPGFSPFR,0
HDEFERHAEGTFTSDVSSYLEGQAAKEFIAWLVKGR,0
IAARIKLRSRQHIKLRHL,0
IKRYLIKR,0
ILRRRIRKQAHAHSK,0
KCFMWQEMLNKAGVPKLRCARK,0
KCFQWQRNMRKVR,0
KCFQWQRNMRKVRGPPVSSIKR,0
KIAAKSIAKIWKSILKIA,0
KIIRRLIK,0
KITLKLAIKAWKLALKAA,0
KIWFQNRRMK,0
KKAAQIRSQVMTHLRVI,0
KKKEERADLIAYLKKA,0
KKKQYTSIHHGVVEVD,0
KKLSECLKRIGDELDS,0
KKRRQRRR,0
KLALKAAAKAWKAAAKAA,0
KLALKAALKAWKAAAKLA,0
KLALKALKAALKLA,0
KLALKLALKALKAA,0
KLALKLALKALQAALQLA,0
KLALKLALKWAKLALKAA,0
KLGLKLGLKGLKGGLKLG,0
KLIRKRLI,0
KLLAKAAKKWLLLALKAA,0
KLLAKAALKWLLKALKAA,0
KMDCRPRPKCCKK,0
KMDCRWRWKSSKK,0
KMDRWRWKKK,0
KMDSRWRWKCCKK,0
KMDSRWRWKSCKK,0
KMDSRWRWKSSKK,0
KMIFVGIKKK,0
KMIFVGIKKKEERA,0
KMTRAQRRAAARRNRWTARGC,0
KQIKIWFQNKKMKWKK,0
KRARNTEAARRSRARKLQRMKQGC,0
KRRIRRERNKMAAAKSRNRRRELTDTGC,0
KRRQRRR,0
KSHAHAQKRIRRRLIILL,0
KTLKVAKWLKKAKPLRKLVKC,0
LAIILRRRIRKQAHAHSK,0
LDTYSPELFCTIRNFYDADRPDRGAAA,0
LIKRKRLI,0
LIKRRKIL,0
LKTLTETLKELTKTLTEL,0
LLAILRRRIRKQAHAHSK,0
LLGKINLKALAALAKKIL,0
LLIALRRRIRKQAHAHSK,0
LLIIARRRIRKQAHAHSK,0
LLIILRRRARKQAHAHSK,0
LLIILRRRIRKQAAAHSK,0
LLKTTALLKTTALLKTTA,0
LLKTTELLKTTELLKTTE,0
LNSAGYLLGKALAALAKKIL,0
LNSAGYLLGKLKALAALAK,0
LRKKKKKH,0
MDAQTRRRERRAEKQAQWKAANGC,0
NKPILVFY,0
NNNAAGRKRKKRT,0
PKKKRKV,0
PPRLPRPRPRPLPFPRPG,0
PRPPRLPRPRPRPLPFPRPG,0
PRPRPLPFPRPG,0
PRPRPRPLPFPRPG,0
PVVHLTLRQAGDDFSR,0
QNLGNQWAVGHLM,0
QWQRNMRKVR,0
QWQRNMRKVRGPPVSCIKR,0
RAKRRQRRR,0
RGGRLAYLRRRWAVLGR,0
RGGRLSYSRRRFSTSTGR,0
RKARRQRRR,0
RKKARQRRR,0
RKKRAQRRR,0
RKKRRQARR,0
RKKRRQR,0
RKKRRQRAR,0
RKKRRQRRA,0
RLIKRLIK,0
RLLMRLYSPTTRRYG,0
RLPRPRPRPLPFPRPG,0
RLWMAWYSPTTRRYG,0
RLWMRAYSPTTRRYG,0
RLWMRWYSPTTARYG,0
RLWMRWYSPTTRAYG,0
RLWMRWYSPWTRRWG,0
RMKWKK,0
RPPGFSPFR,0
RQIKIFFQNRRMKFKK,0
RQIKIW,0
RQIKIWFQ,0
RQIKIWFQN,0
RQIKIWFQNR,0
RQIKIWFQNRR,0
RQIKIWFQNRRM,0
RQIKIWFQNRRMAWKK,0
RQIKIWFQNRRMKWAK,0
RQIKIWFQNRRMKWK,0
RQIKIWFQNRRMKWKA,0
RRIRPRP,0
RRIRPRPPRLPRPRPRP,0
RRIRPRPPRLPRPRPRPLPFPRPG,0
RRKLSQQKEKK,0
RRLSYSRRRF,0
RRRRR,0
RRRRRRRRRRRR,0
RRRRRRRRRRRRRRRR,0
RSVTTEINTLFQTLTSIAEKVDP,0
RVRILARFLRTRV,0
SKKKKTKV,0
SRRHHCASKAKRSRHH,0
SRWRWKCSKK,0
SRWRWKSCKK,0
SRWRWKSSKK,0
TAKTRYKARRAELIAERRGC,0
TARRITPKDVIDVRSVTTEINT,0
TERQIKIWFQNRRMK,0
TKAARITPKDVIDVRSVTTEINT,0
TKRRITPDDVIDVRSVTTEINT,0
TKRRITPKDVIDV,0
TKRRITPKDVIDVESVTTEINT,0
TKRRITPKDVIDVRSVTTEINT,0
TRRQRTRRARRNRGC,0
VATIKSVSFYTRK,0
VHLPPP,0
VHLPPPVHLPPP,0
VHLPPPVHLPPPVHLPPP,0
VIRVHFRLPVRTV,0
VKLPPP,0
VKLPPPVKLPPP,0
VKRGLKLRHVRPRVTRMDV,0
VNADIKATTVFGGKYVSLTTP,0
VQAILRRNWNQYKIQ,0
VQRKRQKLMP,0
VRLPPP,0
VRLPPPVRLPPP,0
WSYGLRPG,0
YLANGEL,0
YYYAAGRKRKKRT,0
ARNPIHLAAPALAE,0
IHNMNFSA,0
